"title";"price";"city";"street";"rooms";"square_m2";"floor";"link"
"2-комнатная квартира · 41 м² · 4/5 этаж";"11 500 000";"Aktobe";"мкр 8, Братъев Жубановых 271";"2";"41";"4/5";""
"2-комнатная квартира · 63.7 м² · 7/9 этаж";"22 500 000";"Aktobe";"Алтын орда";"2";"63.7";"7/9";""
"1-комнатная квартира · 35 м² · 1/5 этаж";"13 500 000";"Aktobe";"Абилхаир хана 47А — Мед.университет,Нурдаулет.";"1";"35";"1/5";""
"3-комнатная квартира · 70 м² · 4/5 этаж";"28 000 000";"Aktobe";"мкр 11, Мкр 11 Шайкенова 17";"3";"70";"4/5";""
"2-комнатная квартира · 49.8 м² · 4/5 этаж";"10 500 000";"Aktobe";"мкр Гормолзавод, Нефтяников 22";"2";"49.8";"4/5";""
"2-комнатная квартира · 74.4 м² · 3/6 этаж";"42 000 000";"Aktobe";"мкр. Алтын орда, Алтын Орда 24а";"2";"74.4";"3/6";""
"4-комнатная квартира · 198 м² · 1/5 этаж";"95 000 000";"Aktobe";"мкр. Алтын орда, Батыс 2 пр Алии Молдагуловой 36в /2 — проспект Алии Молдагуловой";"4";"198";"1/5";""
"2-комнатная квартира · 54.2 м² · 1/5 этаж";"16 500 000";"Aktobe";"мкр 8 — 27 школа";"2";"54.2";"1/5";""
"3-комнатная квартира · 95 м² · 1/9 этаж";"43 500 000";"Aktobe";"мкр. Алтын орда, Мустафа Шокай 2";"3";"95";"1/9";""
"2-комнатная квартира · 75 м² · 3/9 этаж";"35 500 000";"Aktobe";"мкр. Алтын орда 360/1";"2";"75";"3/9";""
"3-комнатная квартира · 70 м² · 1/5 этаж";"27 000 000";"Aktobe";"мкр 8 58/2 — Абилкайыр Хана угол Алии Молдагуловой";"3";"70";"1/5";""
"4-комнатная квартира · 158 м² · 1/7 этаж";"63 000 000";"Aktobe";"мкр. Алтын орда, Санкибай батыра 28 в — Санкибая батыра Сатпаева";"4";"158";"1/7";""
"1-комнатная квартира · 61.8 м² · 6/6 этаж";"23 000 000";"Aktobe";"мкр. Алтын орда, Мкр.Батыс-2 54Г";"1";"61.8";"6/6";""
"2-комнатная квартира · 63.8 м² · 10/10 этаж";"16 000 000";"Aktobe";"мкр Жилгородок, Мкр Мира 5а — Кутузова";"2";"63.8";"10/10";""
"2-комнатная квартира · 88 м² · 4/5 этаж";"28 900 000";"Aktobe";"мкр. Алтын орда, Саздинское лесничество 228";"2";"88";"4/5";""
"2-комнатная квартира · 53 м² · 7/9 этаж";"17 500 000";"Aktobe";"мкр 11 101";"2";"53";"7/9";""
"3-комнатная квартира · 69 м² · 4/5 этаж";"20 000 000";"Aktobe";"Сатпаева 22 — Около 23 школы и рядом суда города Актобе, образовательный центр Достык";"3";"69";"4/5";""
"1-комнатная квартира · 46 м² · 2/7 этаж";"18 300 000";"Aktobe";"мкр. Алтын орда 201а";"1";"46";"2/7";""
"2-комнатная квартира · 70 м² · 10/12 этаж";"18 800 000";"Aktobe";"мкр Жилгородок 36 — Рынок Жилгородок";"2";"70";"10/12";""
"2-комнатная квартира · 87 м² · 5/6 этаж";"37 500 000";"Aktobe";"мкр. Алтын орда 10Г — ЖК НЕКТАР по пр.ТАУЕЛСИЗДИК - САМЫЙ ЦЕНТР";"2";"87";"5/6";""
"1-комнатная квартира · 58.6 м² · 6/6 этаж";"16 800 000";"Aktobe";"мкр 12";"1";"58.6";"6/6";""
"3-комнатная квартира · 120 м² · 4/8 этаж";"57 300 000";"Aktobe";"мкр. Алтын орда, Санкибай батыра 40е";"3";"120";"4/8";""
"2-комнатная квартира · 56 м² · 4/5 этаж";"18 200 000";"Aktobe";"мкр 11";"2";"56";"4/5";""
"2-комнатная квартира · 44.7 м² · 5/5 этаж";"12 500 000";"Aktobe";"мкр 5, Есет батыра — напротив 19 школы";"2";"44.7";"5/5";""
"2-комнатная квартира · 58 м² · 2/9 этаж";"18 500 000";"Aktobe";"Нур Актобе 11 в";"2";"58";"2/9";""
"1-комнатная квартира · 35 м² · 1/5 этаж";"13 500 000";"Aktobe";"Абилхаир хана 47А — Мед.университет,Нурдаулет.";"1";"35";"1/5";""
"3-комнатная квартира · 81 м² · 6/7 этаж";"34 000 000";"Aktobe";"мкр. Алтын орда, Молдагуловой — Капитал Плаза";"3";"81";"6/7";""
"1-комнатная квартира · 33 м² · 5/5 этаж";"12 500 000";"Aktobe";"Санкибай батыра 167 — сатпаева";"1";"33";"5/5";""
"3-комнатная квартира · 109.3 м² · 1/5 этаж";"50 000 000";"Aktobe";"мкр. Алтын орда, мкр.Батыс-2 351Б";"3";"109.3";"1/5";""
"3-комнатная квартира · 107.3 м² · 5/5 этаж";"41 000 000";"Aktobe";"мкр. Алтын орда";"3";"107.3";"5/5";""
"3-комнатная квартира · 105 м² · 8/10 этаж";"44 000 000";"Aktobe";"мкр. Алтын орда, Алтын Орда 5 е";"3";"105";"8/10";""
"2-комнатная квартира · 69.9 м² · 4/5 этаж";"30 000 000";"Aktobe";"мкр. Алтын орда 340/1 — Халела Досмахамбетулы - Мангилик ел";"2";"69.9";"4/5";""
"1-комнатная квартира · 52 м² · 8/9 этаж";"27 500 000";"Aktobe";"мкр. Алтын орда, Алия Молдагулова";"1";"52";"8/9";""
"3-комнатная квартира · 120 м² · 3/9 этаж";"58 000 000";"Aktobe";"мкр. Алтын орда, Санкибай батыра 177а";"3";"120";"3/9";""
"1-комнатная квартира · 42.9 м² · 5/6 этаж";"18 900 000";"Aktobe";"мкр. Алтын орда — Санкибай батыра с Халел Досмухамедулы";"1";"42.9";"5/6";""
"1-комнатная квартира · 47 м² · 1/5 этаж";"19 800 000";"Aktobe";"мкр. Алтын орда 49гк1";"1";"47";"1/5";""
"2-комнатная квартира · 52 м² · 2/10 этаж";"17 000 000";"Aktobe";"мкр 5, Есет-батыра 109/2";"2";"52";"2/10";""
"3-комнатная квартира · 87 м² · 2/5 этаж";"40 000 000";"Aktobe";"мкр. Алтын орда, Халель Досмухабетулы 9";"3";"87";"2/5";""
"1-комнатная квартира · 32 м² · 3/5 этаж";"10 500 000";"Aktobe";"мкр 5 105/1 — Есет батыра";"1";"32";"3/5";""
"1-комнатная квартира · 52.8 м² · 4/5 этаж";"18 480 000";"Aktobe";"мкр. Алтын орда, Мкр.Батыс-2 54Г";"1";"52.8";"4/5";""
"2-комнатная квартира · 43.6 м² · 1/5 этаж";"13 000 000";"Aktobe";"Есет Батыра";"2";"43.6";"1/5";""
"4-комнатная квартира · 143.5 м² · 5/5 этаж";"42 900 000";"Aktobe";"мкр. Алтын орда, Батыс 2 4/1 — Жекпе Жек";"4";"143.5";"5/5";""
"2-комнатная квартира · 55 м² · 4/5 этаж";"12 100 000";"Aktobe";"мкр Шанхай, Кошевого 113";"2";"55";"4/5";""
"1-комнатная квартира · 46.6 м² · 6/8 этаж";"19 000 000";"Aktobe";"мкр. Алтын орда, Алтын Орда 41В к2";"1";"46.6";"6/8";""
"1-комнатная квартира · 33 м² · 5/9 этаж";"14 500 000";"Aktobe";"Сазда-2 , Толеу Алдиярова 2";"1";"33";"5/9";""
"2-комнатная квартира · 35.9 м² · 1/4 этаж";"7 000 000";"Aktobe";"Металлургов — М-н ""Данекер""";"2";"35.9";"1/4";""
"3-комнатная квартира · 87 м² · 5/5 этаж";"31 000 000";"Aktobe";"мкр. Алтын орда, Батыс 2 микрорайон 11а — Тауелсиздик- Халел Д";"3";"87";"5/5";""
"1-комнатная квартира · 30.8 м² · 4/5 этаж";"8 500 000";"Aktobe";"мкр 8, Гришина 72/1 — Р.Алтай, с.Дина и Анвар, 1 школа, 27 и 21 школа, универ.им.Баешева";"1";"30.8";"4/5";""
"1-комнатная квартира · 43 м² · 7/9 этаж";"15 700 000";"Aktobe";"мкр. Алтын орда 360";"1";"43";"7/9";""
"1-комнатная квартира · 39.25 м² · 2/5 этаж";"13 500 000";"Aktobe";"мкр. Алтын орда, Микрорайон Батыс-2 49Л";"1";"39.25";"2/5";""
"1-комнатная квартира · 66.4 м² · 3/9 этаж";"20 500 000";"Aktobe";"мкр. Алтын орда 19Г";"1";"66.4";"3/9";""
"2-комнатная квартира · 37.3 м² · 4/5 этаж";"13 500 000";"Aktobe";"мкр 8, Бр.Жубановых 296";"2";"37.3";"4/5";""
"1-комнатная квартира · 56 м² · 4/8 этаж";"24 000 000";"Aktobe";"мкр. Алтын орда, Сәңкібай батыр 40 — Дина гипермаркет";"1";"56";"4/8";""
"1-комнатная квартира · 31 м² · 3/5 этаж";"14 700 000";"Aktobe";"мкр. Алтын орда — Возле школы ""Жайлы""";"1";"31";"3/5";""
"2-комнатная квартира · 44 м² · 5/5 этаж";"13 500 000";"Aktobe";"мкр 5 95/3";"2";"44";"5/5";""
"2-комнатная квартира · 43.4 м² · 5/5 этаж";"12 000 000";"Aktobe";"Старый город, Старый город Айтеке би 27";"2";"43.4";"5/5";""
"2-комнатная квартира · 55 м² · 2/9 этаж";"20 000 000";"Aktobe";"мкр. Алтын орда, Санкибай батыра 177А";"2";"55";"2/9";""
"2-комнатная квартира · 52 м² · 10/25 этаж";"16 000 000";"Aktobe";"мкр 11 112В";"2";"52";"10/25";""
"4-комнатная квартира · 165 м² · 3/7 этаж";"120 000 000";"Aktobe";"мкр. Алтын орда 51в";"4";"165";"3/7";""
"2-комнатная квартира · 49.5 м² · 5/5 этаж";"16 000 000";"Aktobe";"Абилкайыр хана, Космос 58/1";"2";"49.5";"5/5";""
"3-комнатная квартира · 105 м² · 8/10 этаж";"44 000 000";"Aktobe";"мкр. Алтын орда, Алтын Орда 5 е";"3";"105";"8/10";""
"1-комнатная квартира · 50 м² · 4/9 этаж";"16 800 000";"Aktobe";"мкр. Алтын орда";"1";"50";"4/9";""
"4-комнатная квартира · 132 м² · 3/5 этаж";"57 000 000";"Aktobe";"мкр. Алтын орда, Тауелсиздик 1к1 — Угол пр. Молдагуловой";"4";"132";"3/5";""
"2-комнатная квартира · 81 м² · 2/5 этаж";"32 500 000";"Aktobe";"мкр. Алтын орда, Мустафы Шокая 19";"2";"81";"2/5";""
"2-комнатная квартира · 48.9 м² · 2/5 этаж";"16 500 000";"Aktobe";"мкр 8, Александра Алексеевича Гришина 70к2 — Университет Байшева, ТД Алтай, ГК Саздинский";"2";"48.9";"2/5";""
"4-комнатная квартира · 248.9 м² · 4/4 этаж";"74 500 000";"Aktobe";"мкр 8, 101 Стрелковой Бригады 6А — АбылХаирХана";"4";"248.9";"4/4";""
"4-комнатная квартира · 160 м² · 4/10 этаж";"95 000 000";"Aktobe";"мкр. Алтын орда";"4";"160";"4/10";""
"3-комнатная квартира · 65 м² · 5/9 этаж";"21 500 000";"Aktobe";"Абылхаир хана";"3";"65";"5/9";""
"3-комнатная квартира · 120 м² · 5/8 этаж";"65 000 000";"Aktobe";"мкр. Алтын орда, Санкибай батыра 40е";"3";"120";"5/8";""
"8-комнатная квартира · 220 м² · 3/5 этаж";"88 500 000";"Aktobe";"Асау Барака";"8";"220";"3/5";""
"1-комнатная квартира · 44.4 м² · 9/10 этаж";"10 500 000";"Aktobe";"Нур Актобе 12Н";"1";"44.4";"9/10";""
"1-комнатная квартира · 50 м² · 4/5 этаж";"16 500 000";"Aktobe";"Асау Барака 60а — Угол улиц Асау барака -Шернияза";"1";"50";"4/5";""
"3-комнатная квартира · 134.5 м² · 8/10 этаж";"48 000 000";"Aktobe";"мкр. Алтын орда, алтын орда";"3";"134.5";"8/10";""
"3-комнатная квартира · 90 м² · 4/9 этаж";"39 500 000";"Aktobe";"мкр. Алтын орда, Микрорайон Алтын Орда 360/2";"3";"90";"4/9";""
"6-комнатная квартира · 230 м² · 1/3 этаж";"120 000 000";"Aktobe";"Саздинское лесничество 197а — Тойотацентр";"6";"230";"1/3";""
"3-комнатная квартира · 63 м² · 7/9 этаж";"16 000 000";"Aktobe";"мкр 5, проспект Абая 2 корпус 1";"3";"63";"7/9";""
"2-комнатная квартира · 89 м² · 1/9 этаж";"25 000 000";"Aktobe";"мкр. Алтын орда, Мкр.Батыс-2 участок 352";"2";"89";"1/9";""
"3-комнатная квартира · 145 м² · 6/10 этаж";"37 000 000";"Aktobe";"Молдагуловой 58";"3";"145";"6/10";""
"2-комнатная квартира · 75 м² · 2/5 этаж";"42 000 000";"Aktobe";"мкр. Алтын орда, Мкрн Алтын Орда 22е";"2";"75";"2/5";""
"3-комнатная квартира · 105 м² · 6/6 этаж";"40 000 000";"Aktobe";"М.ОСПАНОВА 54а";"3";"105";"6/6";""
"1-комнатная квартира · 41 м² · 4/5 этаж";"16 700 000";"Aktobe";"мкр. Алтын орда 339";"1";"41";"4/5";""
"3-комнатная квартира · 132.5 м² · 1/5 этаж";"48 000 000";"Aktobe";"мкр. Алтын орда, Халел Досмухамедулы 18Г кор 1";"3";"132.5";"1/5";""
"2-комнатная квартира · 49.8 м² · 4/5 этаж";"10 000 000";"Aktobe";"мкр Гормолзавод, Нефтянников 22 — магазин Дина в доме";"2";"49.8";"4/5";""
"2-комнатная квартира · 68.6 м² · 7/12 этаж";"15 000 000";"Aktobe";"мкр Жилгородок, Тургенева 36";"2";"68.6";"7/12";""
"4-комнатная квартира · 145 м² · 2/8 этаж";"81 000 000";"Aktobe";"Санкибай батыра";"4";"145";"2/8";""
"3-комнатная квартира · 90 м² · 2/5 этаж";"36 000 000";"Aktobe";"мкр. Алтын орда, микрорайон Батыс-2 49Л";"3";"90";"2/5";""
"3-комнатная квартира · 112 м² · 2/5 этаж";"47 000 000";"Aktobe";"мкр. Алтын орда, Мустафы Шокая 48в/к4";"3";"112";"2/5";""
"5-комнатная квартира · 173 м² · 3/5 этаж";"82 000 000";"Aktobe";"мкр. Алтын орда, Алтын Орда";"5";"173";"3/5";""
"1-комнатная квартира · 32.7 м² · 7/9 этаж";"10 500 000";"Aktobe";"мкр Авиагородок, Сулутобе 2";"1";"32.7";"7/9";""
"2-комнатная квартира · 48 м² · 3/3 этаж";"12 500 000";"Aktobe";"мкр Жилгородок, Женыс (Победа) 28 — Школа 16 Анвар";"2";"48";"3/3";""
"2-комнатная квартира · 63.8 м² · 2/5 этаж";"18 700 000";"Aktobe";"мкр 12, Мкр 12 В,Г Бактыбай Батыра 96 А";"2";"63.8";"2/5";""
"1-комнатная квартира · 31 м² · 5/6 этаж";"11 800 000";"Aktobe";"Старый город, Кереева 7";"1";"31";"5/6";""
"4-комнатная квартира · 160 м² · 4/5 этаж";"56 100 000";"Aktobe";"Газиза Жубанова — Народная концелярия";"4";"160";"4/5";""
"1-комнатная квартира · 37 м² · 1/9 этаж";"14 000 000";"Aktobe";"мкр 5, Пр-т А.Молдагуловой 7 — Вечный огонь";"1";"37";"1/9";""
"4-комнатная квартира · 147 м² · 3/5 этаж";"51 000 000";"Aktobe";"мкр. Алтын орда, Алтын орда 358 а 14";"4";"147";"3/5";""
"3-комнатная квартира · 70 м² · 3/6 этаж";"23 500 000";"Aktobe";"Братья Жубановых 259/1 — Сатпаева";"3";"70";"3/6";""
"4-комнатная квартира · 111 м² · 1/5 этаж";"44 000 000";"Aktobe";"Алтын орда 40Г";"4";"111";"1/5";""
"4-комнатная квартира · 162.4 м² · 4/5 этаж";"65 900 000";"Aktobe";"мкр. Алтын орда, Мәңгілік Ел 5/3 — НИШ напротив";"4";"162.4";"4/5";""
"3-комнатная квартира · 105.1 м² · 4/9 этаж";"35 734 000";"Aktobe";"мкр. Алтын орда, Мустафы Шокая 2Е";"3";"105.1";"4/9";""
"4-комнатная квартира · 117 м² · 3 этаж";"42 000 000";"Aktobe";"мкр 12 21е";"4";"117";"";""
"3-комнатная квартира · 95.6 м² · 1/7 этаж";"38 000 000";"Aktobe";"мкр. Алтын орда 50л";"3";"95.6";"1/7";""
"1-комнатная квартира · 31 м² · 3/5 этаж";"14 500 000";"Aktobe";"мкр. Алтын орда, Батыс 2 микрорайон 25 — Школа жайлы";"1";"31";"3/5";""
"3-комнатная квартира · 55 м² · 8/9 этаж";"20 000 000";"Aktobe";"мкр 5, проспект абая 10 — Проспект абая - Есет Батыра";"3";"55";"8/9";""
"3-комнатная квартира · 55 м² · 8/9 этаж";"20 000 000";"Aktobe";"мкр 5, проспект абая 10 — Проспект абая - Есет Батыра";"3";"55";"8/9";""
"1-комнатная квартира · 50 м² · 4/9 этаж";"16 800 000";"Aktobe";"мкр. Алтын орда, Мкр. Батыс-2 1Г";"1";"50";"4/9";""
"2-комнатная квартира · 83 м² · 10/10 этаж";"37 000 000";"Aktobe";"мкр. Алтын орда, ул. Сактагана Баишева 7а к1 — Мангилик ел и Молдагулова";"2";"83";"10/10";""
"3-комнатная квартира · 105 м² · 3/5 этаж";"45 000 000";"Aktobe";"мкр. Алтын орда 29а";"3";"105";"3/5";""
"2-комнатная квартира · 40 м² · 2/5 этаж";"13 800 000";"Aktobe";"Старый город, Уалиханова 22";"2";"40";"2/5";""
"2-комнатная квартира · 65 м² · 4/5 этаж";"26 500 000";"Aktobe";"мкр. Алтын орда, Халел Досмухамедулы 32";"2";"65";"4/5";""
"3-комнатная квартира · 89 м² · 2/10 этаж";"28 000 000";"Aktobe";"мкр. Курмыш, набережная 82";"3";"89";"2/10";""
"3-комнатная квартира · 88 м² · 3/9 этаж";"35 000 000";"Aktobe";"мкр. Алтын орда, Микрорайон Алтын Орда 351";"3";"88";"3/9";""
"3-комнатная квартира · 99 м² · 4/9 этаж";"43 000 000";"Aktobe";"мкр. Алтын орда, Алтын орла 101 б";"3";"99";"4/9";""
"2-комнатная квартира · 89 м² · 6 этаж";"43 500 000";"Aktobe";"мкр. Алтын орда 51 в — Жк премьера";"2";"89";"";""
"5-комнатная квартира · 258.6 м²";"110 000 000";"Aktobe";"Абилкайыр хана 61";"5";"258.6";"";""
"3-комнатная квартира · 112 м² · 3/9 этаж";"58 500 000";"Aktobe";"мкр. Алтын орда, Санкибай-батыра";"3";"112";"3/9";""
"4-комнатная квартира · 153.14 м² · 3/8 этаж";"84 220 000";"Aktobe";"Г.Жубановой 1 — Г.Жубановой /ул. Утегена Сейтова  в районе парка Президента";"4";"153.14";"3/8";""
"2-комнатная квартира · 75 м² · 8/8 этаж";"23 500 000";"Aktobe";"мкр. Алтын орда, Досмухамедулы";"2";"75";"8/8";""
"3-комнатная квартира · 64 м² · 8/10 этаж";"19 500 000";"Aktobe";"Старый город — Возле прокуроры";"3";"64";"8/10";""
"2-комнатная квартира · 80 м² · 6/9 этаж";"24 000 000";"Aktobe";"Нур Актобе, Нур сити 16В";"2";"80";"6/9";""
"2-комнатная квартира · 62 м² · 6/25 этаж";"15 500 000";"Aktobe";"мкр 11 112 в";"2";"62";"6/25";""
"4-комнатная квартира · 120 м² · 2/5 этаж";"55 000 000";"Aktobe";"мкр. Алтын орда, Халел досмухамедулы";"4";"120";"2/5";""
"3-комнатная квартира · 77 м² · 2/9 этаж";"20 000 000";"Aktobe";"Нур Актобе 14 В";"3";"77";"2/9";""
"4-комнатная квартира · 110 м² · 5/5 этаж";"38 000 000";"Aktobe";"мкр. Алтын орда, ​Батыс 2 микрорайон 10 е";"4";"110";"5/5";""
"4-комнатная квартира · 110 м² · 5/5 этаж";"38 000 000";"Aktobe";"мкр. Алтын орда, ​Батыс 2 микрорайон 10 е";"4";"110";"5/5";""
"4-комнатная квартира · 150 м² · 3/9 этаж";"90 000 000";"Aktobe";"мкр. Алтын орда 5а — Ораз татеулы";"4";"150";"3/9";""
"3-комнатная квартира · 97 м² · 6/9 этаж";"41 000 000";"Aktobe";"мкр. Алтын орда 54 а";"3";"97";"6/9";""
"4-комнатная квартира · 89.1 м² · 7/10 этаж";"26 500 000";"Aktobe";"мкр 11 106";"4";"89.1";"7/10";""
"2-комнатная квартира · 45 м² · 4/5 этаж";"14 400 000";"Aktobe";"мкр 5, Абулхаир хана 63/1";"2";"45";"4/5";""
"4-комнатная квартира · 89 м² · 3/3 этаж";"14 500 000";"Aktobe";"Старый город 5 — Алтынсарина";"4";"89";"3/3";""
"2-комнатная квартира · 73 м² · 4/10 этаж";"20 000 000";"Aktobe";"мкр. Курмыш, набережная 86 — на конаева";"2";"73";"4/10";""
"3-комнатная квартира · 75 м² · 3/9 этаж";"24 000 000";"Aktobe";"Нур Актобе 13";"3";"75";"3/9";""
"2-комнатная квартира · 58 м² · 8/9 этаж";"16 200 000";"Aktobe";"Нур Актобе";"2";"58";"8/9";""
"2-комнатная квартира · 84 м² · 10/11 этаж";"18 500 000";"Aktobe";"мкр. Курмыш, Набережная 85";"2";"84";"10/11";""
"2-комнатная квартира · 82 м² · 7/10 этаж";"33 200 000";"Aktobe";"мкр. Алтын орда, Алтын Орда 5Е";"2";"82";"7/10";""
"2-комнатная квартира · 61 м² · 3/9 этаж";"20 500 000";"Aktobe";"мкр. Алтын орда 13/1";"2";"61";"3/9";""
"1-комнатная квартира · 47 м² · 7/9 этаж";"17 500 000";"Aktobe";"мкр. Алтын орда 54 А";"1";"47";"7/9";""
"1-комнатная квартира · 34 м² · 7/7 этаж";"12 500 000";"Aktobe";"мкр Болашак, Богенбай Батыра 155/1";"1";"34";"7/7";""
"2-комнатная квартира · 48 м² · 3/5 этаж";"14 500 000";"Aktobe";"Абулхайр хана 49 — Абулхайр хана";"2";"48";"3/5";""
"2-комнатная квартира · 70 м² · 10/10 этаж";"19 000 000";"Aktobe";"мкр 11, Шайкенова 13";"2";"70";"10/10";""
"2-комнатная квартира · 78 м² · 3/5 этаж";"41 000 000";"Aktobe";"мкр. Алтын орда 7н";"2";"78";"3/5";""
"3-комнатная квартира · 122.2 м² · 3/5 этаж";"42 770 000";"Aktobe";"мкр. Алтын орда, Мкр.Батыс-2 54Г";"3";"122.2";"3/5";""
"2-комнатная квартира · 54.7 м² · 4/5 этаж";"16 700 000";"Aktobe";"мкр 8, Братьев жубановых 293/1 — Кол Авто";"2";"54.7";"4/5";""
"2-комнатная квартира · 55 м² · 4/5 этаж";"12 500 000";"Aktobe";"мкр Шанхай";"2";"55";"4/5";""
"1-комнатная квартира · 36 м² · 5/5 этаж";"6 500 000";"Aktobe";"мкр Шанхай, рыскулова 14а";"1";"36";"5/5";""
"2-комнатная квартира · 79 м² · 3/10 этаж";"23 900 000";"Aktobe";"Молдагулова 58";"2";"79";"3/10";""
"2-комнатная квартира · 85.7 м² · 4/6 этаж";"32 500 000";"Aktobe";"мкр. Алтын орда, мкр.Батыс-2 54Б";"2";"85.7";"4/6";""
"3-комнатная квартира · 60 м² · 2/5 этаж";"14 500 000";"Aktobe";"жилой массив Жанаконыс, мкр Жастар 2, Новый 1 дом 2 — Около 40 лет победы";"3";"60";"2/5";""
"2-комнатная квартира · 72 м²";"25 500 000";"Aktobe";"Алия Молдагулова 50а";"2";"72";"";""
"2-комнатная квартира · 55.6 м² · 1/6 этаж";"15 000 000";"Aktobe";"мкр Жилгородок, Есет батыра 3";"2";"55.6";"1/6";""
"2-комнатная квартира · 44.6 м² · 4/5 этаж";"14 200 000";"Aktobe";"мкр 5 105 — Есет батыр и Молдагулова";"2";"44.6";"4/5";""
"3-комнатная квартира · 90 м² · 1/5 этаж";"33 800 000";"Aktobe";"Нур Актобе 43/9 — Бопай ханым 43/9";"3";"90";"1/5";""
"2-комнатная квартира · 65 м² · 6/25 этаж";"15 500 000";"Aktobe";"мкр 11 112б";"2";"65";"6/25";""
"2-комнатная квартира · 69.5 м²";"24 500 000";"Aktobe";"Алия Молдагулова 50а";"2";"69.5";"";""
"2-комнатная квартира · 65 м² · 6/25 этаж";"15 500 000";"Aktobe";"11 микр";"2";"65";"6/25";""
"3-комнатная квартира · 126 м² · 5/25 этаж";"24 300 000";"Aktobe";"11микр 112Б";"3";"126";"5/25";""
"2-комнатная квартира · 79 м² · 3/9 этаж";"21 000 000";"Aktobe";"Нур Актобе 14г — 4 микрорайон";"2";"79";"3/9";""
"4-комнатная квартира · 131 м² · 1/9 этаж";"65 000 000";"Aktobe";"Г. жубановой 146 — За канцелярией";"4";"131";"1/9";""
"1-комнатная квартира · 45.5 м² · 9/10 этаж";"16 800 000";"Aktobe";"мкр. Алтын орда 2";"1";"45.5";"9/10";""
"2-комнатная квартира · 78 м² · 1/5 этаж";"31 500 000";"Aktobe";"мкр. Алтын орда 49г — Смарт Білім гиперанвар";"2";"78";"1/5";""
"2-комнатная квартира · 63.9 м² · 6/9 этаж";"22 000 000";"Aktobe";"мкр 12 43а";"2";"63.9";"6/9";""
"2-комнатная квартира · 45.9 м² · 5/8 этаж";"17 500 000";"Aktobe";"мкр Авиатор, Богенбай батыр 155/7";"2";"45.9";"5/8";""
"6-комнатная квартира · 330 м² · 1/4 этаж";"130 000 000";"Aktobe";"мкр. Алтын орда, Мангилик Ел 7 — ТАНХАУС В ЦЕНТРЕ БАТЫС-2";"6";"330";"1/4";""
"7-комнатная квартира · 217 м² · 9/10 этаж";"110 000 000";"Aktobe";"мкр 12 15Д — Маметова";"7";"217";"9/10";""
"2-комнатная квартира · 83 м² · 7/9 этаж";"27 800 000";"Aktobe";"мкр. Алтын орда, Санкибай батыра 177А";"2";"83";"7/9";""
"4-комнатная квартира · 119.4 м² · 5/5 этаж";"35 000 000";"Aktobe";"мкр 6, Газиза Жубанова 39Е — Газиза Жубанова";"4";"119.4";"5/5";""
"3-комнатная квартира · 95.7 м² · 10/10 этаж";"36 000 000";"Aktobe";"мкр. Алтын орда, С.Байшева 7А";"3";"95.7";"10/10";""
"4-комнатная квартира · 130 м² · 1/11 этаж";"48 500 000";"Aktobe";"Есет батыра 108а";"4";"130";"1/11";""
"1-комнатная квартира · 46.4 м² · 4/9 этаж";"18 500 000";"Aktobe";"мкр. Алтын орда, Алтын Орда 2";"1";"46.4";"4/9";""
"3-комнатная квартира · 86.4 м² · 3/9 этаж";"30 000 000";"Aktobe";"Нур Актобе 13Г — ЖМ Каргалы";"3";"86.4";"3/9";""
"1-комнатная квартира · 32.2 м² · 5/6 этаж";"9 800 000";"Aktobe";"Старый город, 8 Марта 28/1 — Рядом детский сад, дом находится возле поворота в сторону ЖД-багажного отделения с улиц Жанкожа батыра и Герцена.";"1";"32.2";"5/6";""
"2-комнатная квартира · 70 м² · 8/10 этаж";"23 000 000";"Aktobe";"мкр Болашак, Болашақ ш/а. 129К/к1";"2";"70";"8/10";""
"3-комнатная квартира · 94.4 м² · 5/5 этаж";"42 000 000";"Aktobe";"мкр. Алтын орда, Мкрн Алтын Орда 22е";"3";"94.4";"5/5";""
"2-комнатная квартира · 76.2 м² · 1/9 этаж";"35 000 000";"Aktobe";"мкр. Алтын орда";"2";"76.2";"1/9";""
"3-комнатная квартира · 70.3 м² · 3/5 этаж";"16 000 000";"Aktobe";"мкр Шанхай, Кошевого 113/1";"3";"70.3";"3/5";""
"3-комнатная квартира · 59 м² · 6/9 этаж";"18 200 000";"Aktobe";"мкр 5, Пр-т. Алия Молдагуловой 10 — Район вечного огня";"3";"59";"6/9";""
"3-комнатная квартира · 64.1 м² · 6/9 этаж";"22 000 000";"Aktobe";"мкр 8, Братьев Жубановых 293";"3";"64.1";"6/9";""
"2-комнатная квартира · 60 м² · 3/10 этаж";"24 000 000";"Aktobe";"11-й микрорайон";"2";"60";"3/10";""
"3-комнатная квартира · 73 м² · 3/9 этаж";"22 500 000";"Aktobe";"мкр 12 18";"3";"73";"3/9";""
"3-комнатная квартира · 57 м² · 2/3 этаж";"8 200 000";"Aktobe";"Старый город, Ламаносова 1/1";"3";"57";"2/3";""
"3-комнатная квартира · 107 м² · 2/9 этаж";"45 000 000";"Aktobe";"мкр. Алтын орда, Мангилик Ел 22";"3";"107";"2/9";""
"3-комнатная квартира · 67.1 м² · 1/5 этаж";"21 500 000";"Aktobe";"Нур Актобе 10/9 — Детский сад Нурсултан, цон";"3";"67.1";"1/5";""
"2-комнатная квартира · 176 м² · 1/5 этаж";"21 300 000";"Aktobe";"мкр. Алтын орда 49Р — ЖК Алия";"2";"176";"1/5";""
"4-комнатная квартира · 134.1 м² · 5/6 этаж";"51 500 000";"Aktobe";"Алтын Орда";"4";"134.1";"5/6";""
"2-комнатная квартира · 80 м² · 1/5 этаж";"50 000 000";"Aktobe";"Тауелсиздик 21";"2";"80";"1/5";""
"4-комнатная квартира · 155 м² · 1/5 этаж";"65 000 000";"Aktobe";"мкр. Алтын орда, Мкр. Батыс 2 42";"4";"155";"1/5";""
"1-комнатная квартира · 57.8 м² · 4 этаж";"18 800 000";"Aktobe";"мкр. Алтын орда, Батыс 2 улица Ораза Татеулы 100б";"1";"57.8";"";""
"2-комнатная квартира · 58.7 м² · 3/3 этаж";"17 000 000";"Aktobe";"жилой массив Есет Батыр 1 мкр 3 к — Супермаркет Дина";"2";"58.7";"3/3";""
"3-комнатная квартира · 119.4 м² · 5/5 этаж";"31 000 000";"Aktobe";"Алтын Орда";"3";"119.4";"5/5";""
"3-комнатная квартира · 83 м² · 4/9 этаж";"24 000 000";"Aktobe";"Нур Актобе";"3";"83";"4/9";""
"2-комнатная квартира · 43.7 м² · 2/5 этаж";"13 000 000";"Aktobe";"мкр Жилгородок, Абулхаир хана 4";"2";"43.7";"2/5";""
"4-комнатная квартира · 125 м² · 1/5 этаж";"58 000 000";"Aktobe";"мкр. Алтын орда, Мкр.Батыс-2 54Б";"4";"125";"1/5";""
"2-комнатная квартира · 60 м² · 5/5 этаж";"20 000 000";"Aktobe";"мкр. Курмыш, Бурабай 12 — Г.Актобе,ул.Бурабай 12";"2";"60";"5/5";""
"4-комнатная квартира · 142 м² · 2/5 этаж";"70 000 000";"Aktobe";"мкр. Алтын орда, Ул.Тәуелсіздік 14 — Ул.Тәуелсіздік и ул.Мұстафа Шоқай";"4";"142";"2/5";""
"4-комнатная квартира · 153 м² · 11/16 этаж";"56 000 000";"Aktobe";"Абилкайыр-хана — Торговый центр Айна, медуниверситет им.Оспанова,  акимат области";"4";"153";"11/16";""
"3-комнатная квартира · 103.4 м² · 1/10 этаж";"30 000 000";"Aktobe";"Набережная 85 — Пересечение Кунаева и Набережная";"3";"103.4";"1/10";""
"4-комнатная квартира · 77.5 м² · 6/6 этаж";"23 000 000";"Aktobe";"мкр Жилгородок, Алтынемел 8кв41 — Ул.Мира и Бр.Жубановых,рядом театр ""Алакай""";"4";"77.5";"6/6";""
"1-комнатная квартира · 45 м² · 2/9 этаж";"22 500 000";"Aktobe";"мкр. Алтын орда, Микрорайон Алтын Орда 360/1 — Мангилик Ел";"1";"45";"2/9";""
"2-комнатная квартира · 56.1 м² · 1/2 этаж";"18 500 000";"Aktobe";"Бокенбай Батыра 59 — Через дорогу от ЖК Кендала. район 12Б";"2";"56.1";"1/2";""
"1-комнатная квартира · 38 м² · 5/5 этаж";"11 500 000";"Aktobe";"мкр 12 17 — Напротив мечети Нур-Гасыр";"1";"38";"5/5";""
"2-комнатная квартира · 56.9 м² · 9/9 этаж";"13 000 000";"Aktobe";"Нур Актобе, Есет Батыра";"2";"56.9";"9/9";""
"1-комнатная квартира · 58 м² · 5/9 этаж";"25 000 000";"Aktobe";"мкр. Алтын орда, байшева 7а";"1";"58";"5/9";""
"3-комнатная квартира · 125 м² · 3/5 этаж";"32 700 000";"Aktobe";"мкр. Алтын орда 20б";"3";"125";"3/5";""
"5-комнатная квартира · 206 м² · 3/4 этаж";"61 500 000";"Aktobe";"мкр 8, Санкибай батыра 253/6 — Г Жоубанова";"5";"206";"3/4";""
